"","player_id","player_name","pos","team","games","score_total","score_avg","score_sd"
"1",12894,"Patrick Mahomes","QB","KC",18,433.38,24.08,6.48
"2",13761,"Josh Allen","QB","BUF",18,423,23.5,7.77
"3",15581,"Jalen Hurts","QB","PHI",16,388.5,24.28,8.21
"4",13325,"Austin Ekeler","RB","LAC",18,387.7,21.54,8.62
"5",15540,"Justin Jefferson","WR","MIN",18,378.46,21.03,11.77
"6",12892,"Christian McCaffrey","RB","SF",18,373.26,20.74,8.09
"7",15532,"Joe Burrow","QB","CIN",18,368.58,20.48,7.9
"8",12197,"Tyreek Hill","WR","MIA",18,355.5,19.75,10.2
"9",10295,"Davante Adams","WR","LV",18,348.8,19.38,11.45
"10",11329,"Stefon Diggs","WR","BUF",18,344.6,19.14,9.89
"11",14673,"Josh Jacobs","RB","LV",18,337.3,18.74,11.77
"12",9360,"Travis Kelce","TE","KC",18,328.1,18.23,7.76
"13",15523,"CeeDee Lamb","WR","DAL",18,319.8,17.77,8.15
"14",9372,"Geno Smith","QB","SEA",18,318.5,17.69,5.48
"15",12042,"Derrick Henry","RB","TEN",17,316.56,18.62,8.08
"16",14694,"A.J. Brown","WR","PHI",18,315.1,17.51,8.82
"17",16242,"Trevor Lawrence","QB","JAC",18,307.8,17.1,7.92
"18",13802,"Nick Chubb","RB","CLE",18,304.6,16.92,6.98
"19",8625,"Kirk Cousins","QB","MIN",18,304.58,16.92,7.06
"20",15516,"Justin Herbert","QB","LAC",18,301.08,16.73,5.82
"21",16262,"Justin Fields","QB","CHI",15,295.98,19.73,10.25
"22",12102,"Jared Goff","QB","DET",18,295.78,16.43,7.95
"23",14668,"Daniel Jones","QB","NYG",16,289,18.06,6.94
"24",13778,"Saquon Barkley","RB","NYG",16,284,17.75,7.28
"25",309,"Tom Brady","QB","FA",18,280.02,15.56,7.01
"26",16373,"Amon-Ra St. Brown","WR","DET",17,278.5,16.38,9.57
"27",16236,"Jaylen Waddle","WR","MIA",18,270.5,15.03,9.59
"28",16250,"Ja'Marr Chase","WR","CIN",14,269,19.21,9.18
"29",16253,"DeVonta Smith","WR","PHI",18,268.3,14.91,8.04
"30",16339,"Rhamondre Stevenson","RB","NE",18,265.3,14.74,7.37
"31",12975,"Joe Mixon","RB","CIN",NA,NA,NA,NA
"32",14668,"Daniel Jones","QB","NYG",NA,NA,NA,NA
"33",13778,"Saquon Barkley","RB","NYG",NA,NA,NA,NA
"34",16339,"Rhamondre Stevenson","RB","NE",NA,NA,NA,NA
"35",11329,"Stefon Diggs","WR","BUF",NA,NA,NA,NA
"36",13802,"Nick Chubb","RB","CLE",NA,NA,NA,NA
"37",16824,"Chris Olave","WR","NO",NA,NA,NA,NA
"38",14673,"Josh Jacobs","RB","LV",NA,NA,NA,NA
"39",13111,"Aaron Jones","RB","GB",NA,NA,NA,NA
"40",17586,"Anthony Richardson","QB","IND",NA,NA,NA,NA
"41",12042,"Derrick Henry","RB","TEN",NA,NA,NA,NA
"42",16236,"Jaylen Waddle","WR","MIA",NA,NA,NA,NA
"43",12926,"Chris Godwin","WR","TB",NA,NA,NA,NA
"44",9380,"Keenan Allen","WR","LAC",NA,NA,NA,NA
"45",14694,"A.J. Brown","WR","PHI",NA,NA,NA,NA
"46",17603,"Bijan Robinson","RB","ATL",NA,NA,NA,NA
"47",12951,"James Conner","RB","ARI",NA,NA,NA,NA
"48",13776,"Calvin Ridley","WR","JAC",NA,NA,NA,NA
"49",16834,"Breece Hall","RB","NYJ",NA,NA,NA,NA
"50",16890,"Kenneth Walker","RB","SEA",NA,NA,NA,NA
"51",16798,"Garrett Wilson","WR","NYJ",NA,NA,NA,NA
"52",16987,"Sam Howell","QB","WAS",NA,NA,NA,NA
"53",16241,"Travis Etienne","RB","JAC",NA,NA,NA,NA
"54",15544,"Jerry Jeudy","WR","DEN",NA,NA,NA,NA
"55",16282,"Javonte Williams","RB","DEN",NA,NA,NA,NA
"56",15585,"Tee Higgins","WR","CIN",NA,NA,NA,NA
"57",13806,"Christian Kirk","WR","JAC",NA,NA,NA,NA
"58",11242,"Tyler Lockett","WR","SEA",NA,NA,NA,NA
"59",11177,"Amari Cooper","WR","CLE",NA,NA,NA,NA
"60",16246,"Najee Harris","RB","PIT",NA,NA,NA,NA
"61",13829,"Mark Andrews","TE","BAL",NA,NA,NA,NA
"62",16253,"DeVonta Smith","WR","PHI",NA,NA,NA,NA
"63",16896,"Christian Watson","WR","GB",NA,NA,NA,NA
"64",14700,"Alexander Mattison","RB","MIN",NA,NA,NA,NA
"65",10252,"Mike Evans","WR","TB",NA,NA,NA,NA
"66",16811,"Kenny Pickett","QB","PIT",NA,NA,NA,NA
"67",15522,"Jordan Love","QB","GB",NA,NA,NA,NA
"68",13758,"Baker Mayfield","QB","TB",NA,NA,NA,NA
"69",14702,"Deebo Samuel","WR","SF",NA,NA,NA,NA
"70",10311,"Jimmy Garoppolo","QB","LV",NA,NA,NA,NA
"71",16235,"Mac Jones","QB","NE",NA,NA,NA,NA
"72",15555,"J.K. Dobbins","RB","BAL",NA,NA,NA,NA
"73",17045,"Brock Purdy","QB","SF",NA,NA,NA,NA
"74",12890,"Mike Williams","WR","LAC",NA,NA,NA,NA
"75",8514,"Ryan Tannehill","QB","TEN",NA,NA,NA,NA
"76",17602,"Bryce Young","QB","CAR",NA,NA,NA,NA
"77",15604,"Jonathan Taylor","RB","IND",NA,NA,NA,NA
"78",16882,"Rachaad White","RB","TB",NA,NA,NA,NA
"79",14677,"T.J. Hockenson","TE","MIN",NA,NA,NA,NA
"80",17589,"C.J. Stroud","QB","HOU",NA,NA,NA,NA
"81",14746,"Terry McLaurin","WR","WAS",NA,NA,NA,NA
"82",16880,"Desmond Ridder","QB","ATL",NA,NA,NA,NA
"83",10242,"Brandin Cooks","WR","DAL",NA,NA,NA,NA
"84",15563,"Cam Akers","RB","LAR",NA,NA,NA,NA
"85",12096,"Michael Thomas","WR","NO",NA,NA,NA,NA
"86",6625,"Colt McCoy","QB","ARI",NA,NA,NA,NA
"87",9311,"DeAndre Hopkins","WR","TEN",NA,NA,NA,NA
"88",16823,"Drake London","WR","ATL",NA,NA,NA,NA
"89",14716,"David Montgomery","RB","DET",NA,NA,NA,NA
"90",15603,"Michael Pittman","WR","IND",NA,NA,NA,NA
"91",17029,"Isiah Pacheco","RB","KC",NA,NA,NA,NA
"92",16914,"Dameon Pierce","RB","HOU",NA,NA,NA,NA
"93",8663,"Justin Tucker","K","BAL",NA,NA,NA,NA
"94",14337,"Greg Joseph","K","MIN",NA,NA,NA,NA
"95",16839,"James Cook","RB","BUF",NA,NA,NA,NA
"96",14754,"Diontae Johnson","WR","PIT",NA,NA,NA,NA
"97",14661,"Marquise Brown","WR","ARI",NA,NA,NA,NA
"98",13764,"DJ Moore","WR","CHI",NA,NA,NA,NA
"99",15531,"Brandon Aiyuk","WR","SF",NA,NA,NA,NA
"100",15601,"D'Andre Swift","RB","PHI",NA,NA,NA,NA
"101",14745,"Miles Sanders","RB","CAR",NA,NA,NA,NA
"102",12950,"JuJu Smith-Schuster","WR","NE",NA,NA,NA,NA
"103",13977,"Jason Sanders","K","MIA",NA,NA,NA,NA
"104",16821,"Jahan Dotson","WR","WAS",NA,NA,NA,NA
"105",16251,"Kadarius Toney","WR","KC",NA,NA,NA,NA
"106",10779,"Chris Boswell","K","PIT",NA,NA,NA,NA
"107",13813,"Dallas Goedert","TE","PHI",NA,NA,NA,NA
"108",11261,"Darren Waller","TE","NYG",NA,NA,NA,NA
"109",11124,"Jason Myers","K","SEA",NA,NA,NA,NA
"110",12906,"Evan Engram","TE","JAC",NA,NA,NA,NA
"111",12611,"Wil Lutz","K","NO",NA,NA,NA,NA
"112",15412,"Chase McLaughlin","K","TB",NA,NA,NA,NA
"113",14648,"Elliott Fry","K","DEN",NA,NA,NA,NA
"114",17613,"Jordan Addison","WR","MIN",NA,NA,NA,NA
"115",13023,"George Kittle","TE","SF",NA,NA,NA,NA
"116",13040,"Jamaal Williams","RB","NO",NA,NA,NA,NA
"117",8608,"Greg Zuerlein","K","NYJ",NA,NA,NA,NA
"118",14949,"Jakobi Meyers","WR","LV",NA,NA,NA,NA
"119",14848,"Matt Gay","K","IND",NA,NA,NA,NA
"120",16875,"Brian Robinson","RB","WAS",NA,NA,NA,NA
"121",15366,"Joey Slye","K","WAS",NA,NA,NA,NA
"122",9754,"Brandon McManus","K","JAC",NA,NA,NA,NA
"123",10888,"Cairo Santos","K","CHI",NA,NA,NA,NA
"124",13947,"Daniel Carlson","K","LV",NA,NA,NA,NA
"125",16587,"Riley Patterson","K","DET",NA,NA,NA,NA
"126",15626,"Tyler Bass","K","BUF",NA,NA,NA,NA
"127",13085,"Zane Gonzalez","K","SF",NA,NA,NA,NA
"128",15627,"Gabe Davis","WR","BUF",NA,NA,NA,NA
"129",17665,"Jake Moody","K","SF",NA,NA,NA,NA
"130",16327,"Rondale Moore","WR","ARI",NA,NA,NA,NA
"131",16803,"Treylon Burks","WR","TEN",NA,NA,NA,NA
"132",13324,"Younghoe Koo","K","ATL",NA,NA,NA,NA
"133",13011,"Samaje Perine","RB","DEN",NA,NA,NA,NA
"134",16859,"George Pickens","WR","PIT",NA,NA,NA,NA
"135",6304,"Graham Gano","K","NYG",NA,NA,NA,NA
"136",10038,"Brett Maher","K","DEN",NA,NA,NA,NA
"137",15591,"Antonio Gibson","RB","WAS",NA,NA,NA,NA
"138",13035,"Jake Elliott","K","PHI",NA,NA,NA,NA
"139",14059,"Allen Lazard","WR","NYJ",NA,NA,NA,NA
"140",16281,"Nico Collins","WR","HOU",NA,NA,NA,NA
"141",13986,"Eddy Pineiro","K","CAR",NA,NA,NA,NA
"142",12937,"Zay Jones","WR","JAC",NA,NA,NA,NA
"143",4221,"Matt Prater","K","ARI",NA,NA,NA,NA
"144",13795,"Courtland Sutton","WR","DEN",NA,NA,NA,NA
"145",14836,"Hunter Renfrow","WR","LV",NA,NA,NA,NA
"146",17595,"Zay Flowers","WR","BAL",NA,NA,NA,NA
"147",16256,"Kyle Pitts","TE","ATL",NA,NA,NA,NA
"148",15568,"AJ Dillon","RB","GB",NA,NA,NA,NA
"149",13853,"Dalton Schultz","TE","HOU",NA,NA,NA,NA
"150",12347,"Ka'imi Fairbairn","K","HOU",NA,NA,NA,NA
"151",13952,"Marquez Valdes-Scantling","WR","KC",NA,NA,NA,NA
"152",17674,"Jayden Reed","WR","GB",NA,NA,NA,NA
"153",11170,"DeVante Parker","WR","NE",NA,NA,NA,NA
"154",12051,"Tyler Boyd","WR","CIN",NA,NA,NA,NA
"155",12140,"Tyler Higbee","TE","LAR",NA,NA,NA,NA
"156",16248,"Rashod Bateman","WR","BAL",NA,NA,NA,NA
"157",17688,"Chad Ryland","K","NE",NA,NA,NA,NA
"158",16929,"Cade York","K","CLE",NA,NA,NA,NA
"159",12972,"Gerald Everett","TE","LAC",NA,NA,NA,NA
"160",15658,"Darnell Mooney","WR","CHI",NA,NA,NA,NA
"161",17790,"Anders Carlson","K","GB",NA,NA,NA,NA
"162",17068,"Caleb Shudak","K","TEN",NA,NA,NA,NA
"163",13790,"DJ Chark","WR","CAR",NA,NA,NA,NA
"164",17315,"Cameron Dicker","K","LAC",NA,NA,NA,NA
"165",16457,"Evan McPherson","K","CIN",NA,NA,NA,NA
"166",17612,"Jahmyr Gibbs","RB","DET",NA,NA,NA,NA
"167",16036,"Juwan Johnson","TE","NO",NA,NA,NA,NA
"168",2359,"Washington Commanders","D/ST","WAS",NA,NA,NA,NA
"169",9338,"Robert Woods","WR","HOU",NA,NA,NA,NA
"170",16941,"Romeo Doubs","WR","GB",NA,NA,NA,NA
"171",12904,"David Njoku","TE","CLE",NA,NA,NA,NA
"172",14833,"Darius Slayton","WR","NYG",NA,NA,NA,NA
"173",17656,"Jonathan Mingo","WR","CAR",NA,NA,NA,NA
"174",16293,"Pat Freiermuth","TE","PIT",NA,NA,NA,NA
"175",2354,"Seattle Seahawks","D/ST","SEA",NA,NA,NA,NA
"176",13029,"Josh Reynolds","WR","DET",NA,NA,NA,NA
"177",9891,"Adam Thielen","WR","CAR",NA,NA,NA,NA
"178",8429,"Marvin Jones","WR","DET",NA,NA,NA,NA
"179",2347,"New Orleans Saints","D/ST","NO",NA,NA,NA,NA
"180",10310,"Jerick McKinnon","RB","KC",NA,NA,NA,NA
"181",2355,"San Francisco 49ers","D/ST","SF",NA,NA,NA,NA
"182",15564,"Van Jefferson","WR","LAR",NA,NA,NA,NA
"183",14935,"Greg Dortch","WR","ARI",NA,NA,NA,NA
"184",16853,"Greg Dulcich","TE","DEN",NA,NA,NA,NA
"185",2330,"Baltimore Ravens","D/ST","BAL",NA,NA,NA,NA
"186",15642,"Donovan Peoples-Jones","WR","CLE",NA,NA,NA,NA
"187",14471,"Jeff Wilson","RB","MIA",NA,NA,NA,NA
"188",15625,"Isaiah Hodgins","WR","NYG",NA,NA,NA,NA
"189",15695,"K.J. Osborn","WR","MIN",NA,NA,NA,NA
"190",17606,"Jaxon Smith-Njigba","WR","SEA",NA,NA,NA,NA
"191",14701,"Irv Smith","TE","CIN",NA,NA,NA,NA
"192",13788,"Michael Gallup","WR","DAL",NA,NA,NA,NA
"193",12987,"D'Onta Foreman","RB","CHI",NA,NA,NA,NA
"194",13774,"Hayden Hurst","TE","CAR",NA,NA,NA,NA
"195",2329,"Atlanta Falcons","D/ST","ATL",NA,NA,NA,NA
"196",16124,"Rodrigo Blankenship","K","TB",NA,NA,NA,NA
"197",12930,"Curtis Samuel","WR","WAS",NA,NA,NA,NA
"198",13967,"Russell Gage","WR","TB",NA,NA,NA,NA
"199",2339,"Green Bay Packers","D/ST","GB",NA,NA,NA,NA
"200",16912,"Chigoziem Okonkwo","TE","TEN",NA,NA,NA,NA
"201",9416,"Dustin Hopkins","K","LAC",NA,NA,NA,NA
"202",16849,"John Metchie","WR","HOU",NA,NA,NA,NA
"203",13008,"Mack Hollins","WR","ATL",NA,NA,NA,NA
"204",12913,"Corey Davis","WR","NYJ",NA,NA,NA,NA
"205",2345,"Minnesota Vikings","D/ST","MIN",NA,NA,NA,NA
"206",16947,"Khalil Shakir","WR","BUF",NA,NA,NA,NA
"207",10305,"Allen Robinson","WR","PIT",NA,NA,NA,NA
"208",13728,"Elijah Mitchell","RB","SF",NA,NA,NA,NA
"209",16842,"Alec Pierce","WR","IND",NA,NA,NA,NA
"210",10353,"Logan Thomas","TE","WAS",NA,NA,NA,NA
"211",16993,"Tyler Allgeier","RB","ATL",NA,NA,NA,NA
"212",11455,"Raheem Mostert","RB","MIA",NA,NA,NA,NA
"213",16361,"Chuba Hubbard","RB","CAR",NA,NA,NA,NA
"214",16552,"Khalil Herbert","RB","CHI",NA,NA,NA,NA
"215",16937,"Cade Otton","TE","TB",NA,NA,NA,NA
"216",12088,"Hunter Henry","TE","NE",NA,NA,NA,NA
"217",17593,"Quentin Johnston","WR","LAC",NA,NA,NA,NA
"218",16835,"Tyquan Thornton","WR","NE",NA,NA,NA,NA
"219",16841,"Jelani Woods","TE","IND",NA,NA,NA,NA
"220",2351,"Philadelphia Eagles","D/ST","PHI",NA,NA,NA,NA
"221",14736,"Devin Singletary","RB","HOU",NA,NA,NA,NA
"222",17243,"Rashid Shaheed","WR","NO",NA,NA,NA,NA
"223",16265,"Elijah Moore","WR","CLE",NA,NA,NA,NA
"224",9317,"Cordarrelle Patterson","RB","ATL",NA,NA,NA,NA
"225",15597,"Chase Claypool","WR","CHI",NA,NA,NA,NA
"226",17137,"Jaylen Warren","RB","PIT",NA,NA,NA,NA
"227",2352,"Pittsburgh Steelers","D/ST","PIT",NA,NA,NA,NA
"228",13980,"Tyler Conklin","TE","NYJ",NA,NA,NA,NA
"229",13124,"Harrison Butker","K","KC",NA,NA,NA,NA
"230",2334,"Cincinnati Bengals","D/ST","CIN",NA,NA,NA,NA
"231",16854,"Skyy Moore","WR","KC",NA,NA,NA,NA
"232",17617,"De'Von Achane","RB","MIA",NA,NA,NA,NA
"233",17633,"Rashee Rice","WR","KC",NA,NA,NA,NA
"234",2350,"Las Vegas Raiders","D/ST","LV",NA,NA,NA,NA
"235",16526,"Ben Skowronek","WR","LAR",NA,NA,NA,NA
"236",2349,"New York Jets","D/ST","NYJ",NA,NA,NA,NA
"237",9376,"Zach Ertz","TE","ARI",NA,NA,NA,NA
"238",14665,"Noah Fant","TE","SEA",NA,NA,NA,NA
"239",17661,"Kendre Miller","RB","NO",NA,NA,NA,NA
"240",10243,"Odell Beckham","WR","BAL",NA,NA,NA,NA
"241",2336,"Dallas Cowboys","D/ST","DAL",NA,NA,NA,NA
"242",14725,"Mecole Hardman","WR","NYJ",NA,NA,NA,NA
"243",2353,"Los Angeles Chargers","D/ST","LAC",NA,NA,NA,NA
"244",2335,"Cleveland Browns","D/ST","CLE",NA,NA,NA,NA
"245",17681,"Sam LaPorta","TE","DET",NA,NA,NA,NA
"246",14712,"Damien Harris","RB","BUF",NA,NA,NA,NA
"247",17585,"Dalton Kincaid","TE","BUF",NA,NA,NA,NA
"248",16869,"Wan'Dale Robinson","WR","NYG",NA,NA,NA,NA
"249",2358,"Tennessee Titans","D/ST","TEN",NA,NA,NA,NA
"250",2342,"Jacksonville Jaguars","D/ST","JAC",NA,NA,NA,NA
"251",2331,"Buffalo Bills","D/ST","BUF",NA,NA,NA,NA
"252",2332,"Carolina Panthers","D/ST","CAR",NA,NA,NA,NA
"253",16480,"Kenneth Gainwell","RB","PHI",NA,NA,NA,NA
"254",2346,"New England Patriots","D/ST","NE",NA,NA,NA,NA
"255",13845,"Mike Gesicki","TE","NE",NA,NA,NA,NA
"256",2333,"Chicago Bears","D/ST","CHI",NA,NA,NA,NA
"257",14734,"Dawson Knox","TE","BUF",NA,NA,NA,NA
"258",13870,"Chase Edmonds","RB","TB",NA,NA,NA,NA
"259",17486,"Zonovan Knight","RB","NYJ",NA,NA,NA,NA
"260",15573,"Cole Kmet","TE","CHI",NA,NA,NA,NA
"261",2343,"Kansas City Chiefs","D/ST","KC",NA,NA,NA,NA
"262",17676,"Luke Musgrave","TE","GB",NA,NA,NA,NA
"263",2341,"Indianapolis Colts","D/ST","IND",NA,NA,NA,NA
"264",14692,"Parris Campbell","WR","NYG",NA,NA,NA,NA
"265",2337,"Denver Broncos","D/ST","DEN",NA,NA,NA,NA
"266",13364,"Kendrick Bourne","WR","NE",NA,NA,NA,NA
"267",17413,"Malik Davis","RB","DAL",NA,NA,NA,NA
"268",13772,"Rashaad Penny","RB","PHI",NA,NA,NA,NA
"269",17634,"Michael Mayer","TE","LV",NA,NA,NA,NA
"270",2338,"Detroit Lions","D/ST","DET",NA,NA,NA,NA
"271",2356,"Los Angeles Rams","D/ST","LAR",NA,NA,NA,NA
"272",2357,"Tampa Bay Buccaneers","D/ST","TB",NA,NA,NA,NA
"273",17934,"Tanner Brown","K","LAR",NA,NA,NA,NA
"274",17020,"Ty Chandler","RB","MIN",NA,NA,NA,NA
"275",2328,"Arizona Cardinals","D/ST","ARI",NA,NA,NA,NA
"276",16292,"Joshua Palmer","WR","LAC",NA,NA,NA,NA
"277",17648,"Jalin Hyatt","WR","NYG",NA,NA,NA,NA
"278",16039,"Tony Jones","RB","DEN",NA,NA,NA,NA
"279",13915,"Cedrick Wilson","WR","MIA",NA,NA,NA,NA
"280",16192,"Nick Westbrook-Ikhine","WR","TEN",NA,NA,NA,NA
"281",11213,"Ty Montgomery","RB","NE",NA,NA,NA,NA
"282",12069,"Austin Hooper","TE","LV",NA,NA,NA,NA
"283",15567,"Josiah Deguara","TE","GB",NA,NA,NA,NA
"284",17716,"Roschon Johnson","RB","CHI",NA,NA,NA,NA
"285",16895,"Trey McBride","TE","ARI",NA,NA,NA,NA
"286",13080,"Isaiah McKenzie","WR","IND",NA,NA,NA,NA
"287",2348,"New York Giants","D/ST","NYG",NA,NA,NA,NA
"288",2344,"Miami Dolphins","D/ST","MIA",NA,NA,NA,NA
"289",2340,"Houston Texans","D/ST","HOU",NA,NA,NA,NA
"290",9504,"Latavius Murray","RB","BUF",NA,NA,NA,NA
"291",17631,"Marvin Mims","WR","DEN",NA,NA,NA,NA
"292",17759,"Deuce Vaughn","RB","DAL",NA,NA,NA,NA
"293",14191,"Gus Edwards","RB","BAL",NA,NA,NA,NA
"294",16933,"Jake Ferguson","TE","DAL",NA,NA,NA,NA
"295",15622,"Joshua Kelley","RB","LAC",NA,NA,NA,NA
"296",17625,"Tank Bigsby","RB","JAC",NA,NA,NA,NA
"297",17649,"Luke Schoonmaker","TE","DAL",NA,NA,NA,NA
"298",15558,"Laviska Shenault","WR","CAR",NA,NA,NA,NA
"299",16618,"Michael Carter","RB","NYJ",NA,NA,NA,NA
"300",16927,"Isaiah Likely","TE","BAL",NA,NA,NA,NA
"301",17667,"Zach Charbonnet","RB","SEA",NA,NA,NA,NA
"302",16329,"Amari Rodgers","WR","IND",NA,NA,NA,NA
"303",17624,"Tyjae Spears","RB","TEN",NA,NA,NA,NA
"304",12441,"Kalif Raymond","WR","DET",NA,NA,NA,NA
"305",15548,"Zack Moss","RB","IND",NA,NA,NA,NA
"306",15539,"Clyde Edwards-Helaire","RB","KC",NA,NA,NA,NA
"307",12106,"Demarcus Robinson","WR","LAR",NA,NA,NA,NA
"308",16044,"Marquez Callaway","WR","DEN",NA,NA,NA,NA
"309",17007,"Keaontay Ingram","RB","ARI",NA,NA,NA,NA
"310",13358,"Matt Breida","RB","NYG",NA,NA,NA,NA
"311",14009,"Richie James","WR","KC",NA,NA,NA,NA
"312",15667,"Quez Watkins","WR","PHI",NA,NA,NA,NA
"313",17622,"Josh Downs","WR","IND",NA,NA,NA,NA
"314",15680,"DeeJay Dallas","RB","SEA",NA,NA,NA,NA
"315",16918,"Zamir White","RB","LV",NA,NA,NA,NA
"316",16326,"Tutu Atwell","WR","LAR",NA,NA,NA,NA
"317",13120,"Noah Brown","WR","HOU",NA,NA,NA,NA
"318",13909,"Braxton Berrios","WR","MIA",NA,NA,NA,NA
"319",16313,"Terrace Marshall","WR","CAR",NA,NA,NA,NA
"320",12058,"Sterling Shepard","WR","NYG",NA,NA,NA,NA
"321",18278,"Sean Tucker","RB","TB",NA,NA,NA,NA
"322",17756,"Chase Brown","RB","CIN",NA,NA,NA,NA
"323",13844,"Jordan Akins","TE","CLE",NA,NA,NA,NA
"324",16923,"Charlie Kolar","TE","BAL",NA,NA,NA,NA
"325",15751,"Jauan Jennings","WR","SF",NA,NA,NA,NA
"326",7401,"Randall Cobb","WR","NYJ",NA,NA,NA,NA
"327",13905,"Durham Smythe","TE","MIA",NA,NA,NA,NA
"328",14475,"Will Dissly","TE","SEA",NA,NA,NA,NA
"329",13653,"Taysom Hill","TE","NO",NA,NA,NA,NA
"330",17853,"DeWayne McBride","RB","MIN",NA,NA,NA,NA
"331",12153,"Chris Moore","WR","TEN",NA,NA,NA,NA
"332",16920,"Isaiah Spiller","RB","LAC",NA,NA,NA,NA
"333",17054,"Samori Toure","WR","GB",NA,NA,NA,NA
"334",17004,"Kyren Williams","RB","LAR",NA,NA,NA,NA
"335",6610,"Jimmy Graham","TE","NO",NA,NA,NA,NA
"336",9833,"Jonathan Williams","RB","WAS",NA,NA,NA,NA
"337",16909,"Pierre Strong","RB","NE",NA,NA,NA,NA
"338",17762,"Chris Rodriguez","RB","WAS",NA,NA,NA,NA
"339",15183,"Donald Parham","TE","LAC",NA,NA,NA,NA
"340",17627,"Tank Dell","WR","HOU",NA,NA,NA,NA
"341",15716,"Albert Okwuegbunam","TE","DEN",NA,NA,NA,NA
"342",11287,"Geoff Swaim","TE","ARI",NA,NA,NA,NA
"343",11180,"Melvin Gordon","RB","BAL",NA,NA,NA,NA
"344",16572,"Brock Wright","TE","DET",NA,NA,NA,NA
"345",16645,"Cade Johnson","WR","SEA",NA,NA,NA,NA
"346",15936,"JaMycal Hasty","RB","JAC",NA,NA,NA,NA
"347",13796,"Royce Freeman","RB","LAR",NA,NA,NA,NA
"348",15001,"Damarea Crockett","RB","NYJ",NA,NA,NA,NA
"349",16681,"Deon Jackson","RB","IND",NA,NA,NA,NA
"350",13489,"Robert Tonyan","TE","CHI",NA,NA,NA,NA
"351",15644,"Harrison Bryant","TE","CLE",NA,NA,NA,NA
"352",13024,"Jamal Agnew","WR","JAC",NA,NA,NA,NA
"353",16076,"J.J. Taylor","RB","NE",NA,NA,NA,NA
"354",11207,"Ameer Abdullah","RB","LV",NA,NA,NA,NA
"355",16324,"Dee Eskridge","WR","SEA",NA,NA,NA,NA
"356",15692,"Anthony McFarland","RB","PIT",NA,NA,NA,NA
"357",16913,"Hassan Haskins","RB","TEN",NA,NA,NA,NA
"358",16420,"Brevin Jordan","TE","HOU",NA,NA,NA,NA
"359",17767,"Trey Palmer","WR","TB",NA,NA,NA,NA
"360",16974,"Jerome Ford","RB","CLE",NA,NA,NA,NA
"361",15679,"Colby Parkinson","TE","SEA",NA,NA,NA,NA
"362",17784,"Zach Evans","RB","LAR",NA,NA,NA,NA
"363",16956,"Kyle Philips","WR","TEN",NA,NA,NA,NA
"364",14600,"KhaDarel Hodge","WR","ATL",NA,NA,NA,NA
"365",16340,"Kylen Granson","TE","IND",NA,NA,NA,NA
"366",13110,"Eric Saubert","TE","MIA",NA,NA,NA,NA
"367",13165,"Corey Clement","RB","ARI",NA,NA,NA,NA
"368",17671,"Michael Wilson","WR","ARI",NA,NA,NA,NA
"369",18321,"Cody Chrest","WR","GB",NA,NA,NA,NA
"370",13333,"Zach Pascal","WR","ARI",NA,NA,NA,NA
"371",9337,"Marquise Goodwin","WR","CLE",NA,NA,NA,NA
"372",15620,"Ke'Shawn Vaughn","RB","TB",NA,NA,NA,NA
"373",16309,"Dyami Brown","WR","WAS",NA,NA,NA,NA
"374",14930,"Trenton Irwin","WR","CIN",NA,NA,NA,NA
"375",18326,"Garett Maag","WR","MIN",NA,NA,NA,NA
"376",16430,"Noah Gray","TE","KC",NA,NA,NA,NA
"377",16863,"David Bell","WR","CLE",NA,NA,NA,NA
"378",15579,"Lynn Bowden","WR","NO",NA,NA,NA,NA
"379",15645,"Brycen Hopkins","TE","LAR",NA,NA,NA,NA
"380",13874,"Ian Thomas","TE","CAR",NA,NA,NA,NA
"381",15557,"Devin Duvernay","WR","BAL",NA,NA,NA,NA
"382",15107,"Olamide Zaccheaus","WR","PHI",NA,NA,NA,NA
"383",12974,"Jonnu Smith","TE","ATL",NA,NA,NA,NA
"384",11276,"C.J. Uzomah","TE","NYJ",NA,NA,NA,NA
"385",12887,"Mo Alie-Cox","TE","IND",NA,NA,NA,NA
"386",16921,"Calvin Austin","WR","PIT",NA,NA,NA,NA
"387",14297,"Brandon Powell","WR","MIN",NA,NA,NA,NA
"388",13851,"Justin Watson","WR","KC",NA,NA,NA,NA
"389",8735,"Cole Beasley","WR","NYG",NA,NA,NA,NA
"390",17510,"Raheem Blackshear","RB","CAR",NA,NA,NA,NA
"391",14810,"Travis Homer","RB","CHI",NA,NA,NA,NA
"392",16972,"Tyler Badie","RB","DEN",NA,NA,NA,NA
"393",16453,"Demetric Felton","RB","CLE",NA,NA,NA,NA
"394",14106,"Trent Sherfield","WR","BUF",NA,NA,NA,NA
"395",15613,"Denzel Mims","WR","DET",NA,NA,NA,NA
"396",16395,"Tre Nixon","WR","NE",NA,NA,NA,NA
"397",16488,"Shi Smith","WR","CAR",NA,NA,NA,NA
"398",17018,"Jalen Nailor","WR","MIN",NA,NA,NA,NA
"399",15251,"Steven Sims","WR","HOU",NA,NA,NA,NA
"400",16375,"Kene Nwangwu","RB","MIN",NA,NA,NA,NA
"401",15035,"Ashton Dulin","WR","IND",NA,NA,NA,NA
"402",13117,"David Moore","WR","TB",NA,NA,NA,NA
"403",9114,"Brandon Bolden","RB","LV",NA,NA,NA,NA
"404",16024,"Patrick Taylor","RB","GB",NA,NA,NA,NA
"405",13949,"Equanimeous St. Brown","WR","CHI",NA,NA,NA,NA
"406",13616,"Greg Ward","WR","PHI",NA,NA,NA,NA
"407",9410,"Kyle Juszczyk","RB","SF",NA,NA,NA,NA
"408",17200,"Kevin Austin","WR","JAC",NA,NA,NA,NA
"409",15977,"Kendall Hinton","WR","DEN",NA,NA,NA,NA
"410",16458,"Chris Evans","RB","CIN",NA,NA,NA,NA
"411",17702,"Charlie Jones","WR","CIN",NA,NA,NA,NA
"412",13581,"Dare Ogunbowale","RB","HOU",NA,NA,NA,NA
"413",13942,"Boston Scott","RB","PHI",NA,NA,NA,NA
"414",15904,"Rico Dowdle","RB","DAL",NA,NA,NA,NA
"415",16461,"Gary Brightwell","RB","NYG",NA,NA,NA,NA
"416",17345,"Jalen Virgil","WR","DEN",NA,NA,NA,NA
"417",11507,"Damiere Byrd","WR","CAR",NA,NA,NA,NA
"418",14818,"Trayveon Williams","RB","CIN",NA,NA,NA,NA
"419",15550,"Darrynton Evans","RB","BUF",NA,NA,NA,NA
"420",16964,"Montrell Washington","WR","DEN",NA,NA,NA,NA
"421",11603,"DeAndre Carter","WR","LV",NA,NA,NA,NA
"422",14767,"Justice Hill","RB","BAL",NA,NA,NA,NA
"423",15528,"Jalen Reagor","WR","MIN",NA,NA,NA,NA
"424",15705,"Tyler Huntley","QB","BAL",NA,NA,NA,NA
"425",17635,"Tre Tucker","WR","LV",NA,NA,NA,NA
"426",11167,"Phillip Dorsett","WR","LV",NA,NA,NA,NA
"427",16150,"Andre Baccellia","WR","ARI",NA,NA,NA,NA
"428",15847,"Reggie Gilliam","RB","BUF",NA,NA,NA,NA
"429",16233,"Zach Wilson","QB","NYJ",NA,NA,NA,NA
"430",13770,"Sam Darnold","QB","SF",NA,NA,NA,NA
"431",16317,"Kyle Trask","QB","TB",NA,NA,NA,NA
"432",16898,"Velus Jones","WR","CHI",NA,NA,NA,NA
"433",12694,"C.J. Ham","RB","MIN",NA,NA,NA,NA
"434",15128,"Cody Thompson","WR","SEA",NA,NA,NA,NA
"435",15133,"Jody Fortson","TE","KC",NA,NA,NA,NA
"436",17789,"Sean Clifford","QB","GB",NA,NA,NA,NA
"437",16269,"Hunter Long","TE","LAR",NA,NA,NA,NA
"438",14849,"Scott Miller","WR","ATL",NA,NA,NA,NA
"439",17167,"Jordan Mason","RB","SF",NA,NA,NA,NA
"440",14781,"Foster Moreau","TE","NO",NA,NA,NA,NA
"441",17623,"Will Levis","QB","TEN",NA,NA,NA,NA
"442",13816,"Dante Pettis","WR","CHI",NA,NA,NA,NA
"443",15577,"Bryan Edwards","WR","NO",NA,NA,NA,NA
"444",16314,"Tommy Tremble","TE","CAR",NA,NA,NA,NA
"445",17499,"Deven Thompkins","WR","TB",NA,NA,NA,NA
"446",16360,"John Bates","TE","WAS",NA,NA,NA,NA
"447",17154,"Armani Rogers","TE","WAS",NA,NA,NA,NA
"448",13819,"Tre'Quan Smith","WR","NO",NA,NA,NA,NA
"449",14328,"Byron Pringle","WR","WAS",NA,NA,NA,NA
"450",14853,"Easton Stick","QB","LAC",NA,NA,NA,NA
"451",13732,"River Cracraft","WR","MIA",NA,NA,NA,NA
"452",16932,"Daniel Bellinger","TE","NYG",NA,NA,NA,NA
"453",16469,"Simi Fehoko","WR","DAL",NA,NA,NA,NA
"454",16908,"Bailey Zappe","QB","NE",NA,NA,NA,NA
"455",13934,"Ray-Ray McCloud","WR","SF",NA,NA,NA,NA
"456",14863,"Zach Gentry","TE","PIT",NA,NA,NA,NA
"457",17502,"Kaylon Geiger","WR","TB",NA,NA,NA,NA
"458",18245,"Taylor Grimes","WR","DEN",NA,NA,NA,NA
"459",16957,"Snoop Conner","RB","JAC",NA,NA,NA,NA
"460",16620,"Mike Strachan","WR","IND",NA,NA,NA,NA
"461",16630,"Jaret Patterson","RB","WAS",NA,NA,NA,NA
"462",14278,"Godwin Igwebuike","RB","ATL",NA,NA,NA,NA
"463",15279,"Alec Ingold","RB","MIA",NA,NA,NA,NA
"464",16105,"James Robinson","RB","NYG",NA,NA,NA,NA
"465",15723,"La'Mical Perine","RB","KC",NA,NA,NA,NA
"466",11178,"Nelson Agholor","WR","BAL",NA,NA,NA,NA
"467",14185,"Mike Boone","RB","HOU",NA,NA,NA,NA
"468",14897,"Myles Gaskin","RB","MIA",NA,NA,NA,NA
"469",15621,"Joe Reed","WR","CHI",NA,NA,NA,NA
"470",16004,"Easop Winston","WR","SEA",NA,NA,NA,NA
"471",17336,"Lance McCutcheon","WR","LAR",NA,NA,NA,NA
"472",14770,"Jarrett Stidham","QB","DEN",NA,NA,NA,NA
"473",16872,"Jalen Tolbert","WR","DAL",NA,NA,NA,NA
"474",7368,"Blaine Gabbert","QB","KC",NA,NA,NA,NA
"475",11371,"Blake Bell","TE","KC",NA,NA,NA,NA
"476",12079,"Jacoby Brissett","QB","WAS",NA,NA,NA,NA
"477",13194,"Nick Mullens","QB","MIN",NA,NA,NA,NA
"478",15434,"Craig Reynolds","RB","DET",NA,NA,NA,NA
"479",15453,"D'Ernest Johnson","RB","JAC",NA,NA,NA,NA
"480",16577,"Jermar Jefferson","RB","DET",NA,NA,NA,NA
"481",14828,"Qadree Ollison","RB","JAC",NA,NA,NA,NA
"482",16259,"Trey Lance","QB","SF",NA,NA,NA,NA
"483",11184,"Marcus Mariota","QB","PHI",NA,NA,NA,NA
"484",14967,"David Blough","QB","ARI",NA,NA,NA,NA
"485",6324,"Brian Hoyer","QB","LV",NA,NA,NA,NA
"486",15260,"Jalen Guyton","WR","LAC",NA,NA,NA,NA
"487",15937,"Salvon Ahmed","RB","MIA",NA,NA,NA,NA
"488",12960,"C.J. Beathard","QB","JAC",NA,NA,NA,NA
"489",15872,"Ty'Son Williams","RB","ARI",NA,NA,NA,NA
"490",15961,"Giovanni Ricci","TE","CAR",NA,NA,NA,NA
"491",17188,"Ronnie Rivers","RB","LAR",NA,NA,NA,NA
"492",15418,"Patrick Laird","RB","TB",NA,NA,NA,NA
"493",16487,"Spencer Brown","RB","CAR",NA,NA,NA,NA
"494",16280,"Davis Mills","QB","HOU",NA,NA,NA,NA
"495",16433,"Larry Rountree","RB","LAC",NA,NA,NA,NA
"496",15704,"Jason Huntley","RB","IND",NA,NA,NA,NA
"497",17032,"Brittain Brown","RB","LV",NA,NA,NA,NA
"498",16323,"Trey Sermon","RB","PHI",NA,NA,NA,NA
"499",16417,"Luke Farrell","TE","JAC",NA,NA,NA,NA
"500",16530,"Jake Funk","RB","IND",NA,NA,NA,NA
"501",17558,"KaVontae Turpin","WR","DAL",NA,NA,NA,NA
"502",17563,"Maurice Alexander","WR","DET",NA,NA,NA,NA
"503",13927,"John Kelly","RB","CLE",NA,NA,NA,NA
"504",16748,"Nate McCrary","RB","GB",NA,NA,NA,NA
"505",17227,"Julius Chestnut","RB","TEN",NA,NA,NA,NA
"506",14275,"Tanner Hudson","TE","CIN",NA,NA,NA,NA
"507",15069,"Trinity Benson","WR","DET",NA,NA,NA,NA
"508",15614,"Devin Asiasi","TE","CIN",NA,NA,NA,NA
"509",17017,"James Mitchell","TE","DET",NA,NA,NA,NA
"510",16886,"Tyrion Davis-Price","RB","SF",NA,NA,NA,NA
"511",17034,"Zander Horvath","RB","LAC",NA,NA,NA,NA
"512",15634,"James Proche","WR","BAL",NA,NA,NA,NA
"513",16397,"Gerrid Doaks","RB","HOU",NA,NA,NA,NA
"514",16729,"Shane Zylstra","TE","DET",NA,NA,NA,NA
"515",11295,"Michael Burton","RB","DEN",NA,NA,NA,NA
"516",16654,"Quintin Morris","TE","BUF",NA,NA,NA,NA
"517",13524,"Avery Williams","RB","ATL",NA,NA,NA,NA
"518",14714,"Drew Sample","TE","CIN",NA,NA,NA,NA
"519",14958,"Stanley Morgan","WR","CIN",NA,NA,NA,NA
"520",15804,"Tyler Mabry","TE","SEA",NA,NA,NA,NA
"521",17675,"Tucker Kraft","TE","GB",NA,NA,NA,NA
"522",15455,"Gunner Olszewski","WR","PIT",NA,NA,NA,NA
"523",15641,"Tyler Davis","TE","GB",NA,NA,NA,NA
"524",15897,"Sean McKeon","TE","DAL",NA,NA,NA,NA
"525",17417,"Peyton Hendershot","TE","DAL",NA,NA,NA,NA
"526",17462,"Tanner Conner","TE","MIA",NA,NA,NA,NA
"527",13095,"Trent Taylor","WR","CIN",NA,NA,NA,NA
"528",13239,"Johnny Mundt","TE","MIN",NA,NA,NA,NA
"529",15575,"Adam Trautman","TE","DEN",NA,NA,NA,NA
"530",16212,"Dominique Dafney","TE","TB",NA,NA,NA,NA
"531",16364,"Jaelon Darden","WR","CLE",NA,NA,NA,NA
"532",17406,"Dennis Houston","WR","DAL",NA,NA,NA,NA
"533",11114,"Chris Manhertz","TE","DEN",NA,NA,NA,NA
"534",14749,"Josh Oliver","TE","MIN",NA,NA,NA,NA
"535",16427,"Seth Williams","WR","JAC",NA,NA,NA,NA
"536",16711,"Adam Prentice","RB","NO",NA,NA,NA,NA
"537",16959,"Teagan Quitoriano","TE","HOU",NA,NA,NA,NA
"538",16995,"Ko Kieft","TE","TB",NA,NA,NA,NA
"539",17011,"Trestan Ebner","RB","CHI",NA,NA,NA,NA
"540",17347,"Brandon Johnson","WR","DEN",NA,NA,NA,NA
"541",11459,"Eric Tomlinson","TE","HOU",NA,NA,NA,NA
"542",13137,"Mason Schreck","TE","HOU",NA,NA,NA,NA
"543",15616,"Dalton Keene","TE","HOU",NA,NA,NA,NA
"544",16369,"Jacob Harris","TE","JAC",NA,NA,NA,NA
"545",16691,"Tim Jones","WR","JAC",NA,NA,NA,NA
"546",16833,"Jeremy Ruckert","TE","NYJ",NA,NA,NA,NA
"547",15154,"Deonte Harty","WR","BUF",NA,NA,NA,NA
"548",16988,"Cole Turner","TE","WAS",NA,NA,NA,NA
"549",14717,"Andy Isabella","WR","BUF",NA,NA,NA,NA
"550",15629,"Isaiah Coulter","WR","BUF",NA,NA,NA,NA
"551",15711,"Dezmon Patmon","WR","BUF",NA,NA,NA,NA
"552",16911,"Erik Ezukanma","WR","MIA",NA,NA,NA,NA
"553",12334,"Alex Erickson","WR","NYJ",NA,NA,NA,NA
"554",13415,"Anthony Firkser","TE","NE",NA,NA,NA,NA
"555",15927,"Noah Togiai","TE","ARI",NA,NA,NA,NA
"556",16510,"Austin Trammell","WR","LAR",NA,NA,NA,NA
"557",16758,"C.J. Saunders","WR","CAR",NA,NA,NA,NA
"558",5541,"Matthew Slater","WR","NE",NA,NA,NA,NA
"559",14823,"KeeSean Johnson","WR","BUF",NA,NA,NA,NA
"560",15754,"Stephen Sullivan","WR","CAR",NA,NA,NA,NA
"561",15816,"Jonathan Ward","RB","TEN",NA,NA,NA,NA
"562",16418,"Jalen Camp","WR","HOU",NA,NA,NA,NA
"563",13903,"Keke Coutee","WR","MIA",NA,NA,NA,NA
"564",14411,"Cam Sims","WR","LV",NA,NA,NA,NA
"565",14709,"Miles Boykin","WR","PIT",NA,NA,NA,NA
"566",15398,"Jesper Horsted","TE","LV",NA,NA,NA,NA
"567",16142,"Cody White","WR","PIT",NA,NA,NA,NA
"568",14357,"Keith Kirkwood","WR","NO",NA,NA,NA,NA
"569",16342,"Dez Fitzpatrick","WR","PIT",NA,NA,NA,NA
"570",16971,"Connor Heyward","TE","PIT",NA,NA,NA,NA
"571",16402,"Marquez Stevenson","WR","CAR",NA,NA,NA,NA
"572",12056,"Nick Vannett","TE","HOU",NA,NA,NA,NA
"573",13261,"Keelan Cole","WR","LV",NA,NA,NA,NA
"574",14377,"Ross Dwelley","TE","SF",NA,NA,NA,NA
"575",14894,"Tommy Sweeney","TE","NYG",NA,NA,NA,NA
"576",15417,"Chris Myarick","TE","NYG",NA,NA,NA,NA
"577",13808,"James Washington","WR","NO",NA,NA,NA,NA
"578",15671,"Charlie Woerner","TE","SF",NA,NA,NA,NA
"579",15775,"Mason Kinsey","WR","TEN",NA,NA,NA,NA
"580",16973,"Michael Woods","WR","CLE",NA,NA,NA,NA
"581",15091,"Khari Blasingame","RB","CHI",NA,NA,NA,NA
"582",11398,"Jamison Crowder","WR","NYG",NA,NA,NA,NA
"583",16298,"Anthony Schwartz","WR","CLE",NA,NA,NA,NA
"584",16350,"Tylan Wallace","WR","BAL",NA,NA,NA,NA
"585",16411,"Racey McMath","WR","TEN",NA,NA,NA,NA
"586",16485,"Dax Milne","WR","WAS",NA,NA,NA,NA
"587",16887,"Danny Gray","WR","SF",NA,NA,NA,NA
"588",16986,"Grant Calcaterra","TE","PHI",NA,NA,NA,NA
"589",11217,"Chris Conley","WR","SF",NA,NA,NA,NA
"590",12182,"Jakeem Grant","WR","CLE",NA,NA,NA,NA
"591",13377,"Pharaoh Brown","TE","IND",NA,NA,NA,NA
"592",14603,"Malik Turner","WR","IND",NA,NA,NA,NA
"593",16621,"Jack Stoll","TE","PHI",NA,NA,NA,NA
"594",14266,"Vyncint Smith","WR","IND",NA,NA,NA,NA
"595",14806,"Kaden Smith","TE","WAS",NA,NA,NA,NA
"596",17573,"Josh Ali","WR","ATL",NA,NA,NA,NA
"597",15431,"Parker Hesse","TE","ATL",NA,NA,NA,NA
"598",16380,"Feleipe Franks","QB","ATL",NA,NA,NA,NA
"599",18305,"Hunter Luepke","RB","DAL",NA,NA,NA,NA
"600",16500,"Frank Darby","WR","ATL",NA,NA,NA,NA
"601",13899,"Daurice Fountain","WR","CHI",NA,NA,NA,NA
"602",14649,"Jakob Johnson","RB","LV",NA,NA,NA,NA
"603",15139,"Nsimba Webster","WR","CHI",NA,NA,NA,NA
"604",17274,"Jake Tonges","TE","CHI",NA,NA,NA,NA
"605",17991,"Henry Pearson","RB","GB",NA,NA,NA,NA
"606",15358,"Darrius Shepherd","WR","LAC",NA,NA,NA,NA
"607",17950,"Jack Colletto","RB","SF",NA,NA,NA,NA
"608",16519,"Kawaan Baker","WR","NO",NA,NA,NA,NA
